Species,BM,WM,DT,RLS,LS,LPY
Acinonyx_jubatus,50577.92,1940,1125.85,6265.23,3.28,0.65
Acomys_airensis,28.77,12.58,44,2455.958333,3.68,3.5
Acomys_cahirinus,41.16,12.58,89,2050.5,2.43,7.6
Acomys_chudeaui,45.2,12.58,44,2673.416667,2.47,3.5
Acomys_cineraceus,45.2,12.58,44,2673.416667,2.47,3.5
Acomys_dimidiatus,43.6,12.58,44,2673.416667,2.47,3.5
Acomys_ignitus,45.2,12.58,44,2673.416667,2.47,3.5
Acomys_johannis,45.2,12.58,44,2673.416667,2.47,3.5
Acomys_kempi,21.99,12.58,44,2673.416667,2.47,3.5
Acomys_minous,62.5,12.58,44,2673.416667,2.47,3.5
Acomys_mullah,43.6,12.58,44,2673.416667,2.47,3.5
Acomys_nesiotes,45.2,12.58,44,2673.416667,2.47,3.5
Acomys_seurati,45.2,12.58,44,2673.416667,2.47,3.5
Acrobates_pygmaeus,13.84,5.65,115.41,2999.09,2.8,2
Aepyceros_melampus,52591.69,15900,580,8614,0.98,0.95
Aethomys_bocagei,45.2,12.58,44,2673.416667,2.47,3.5
Ailuropoda_melanoleuca,117999.99,21999.99,2171.011667,11082.00833,1.62,0.7
Ailurus_fulgens,5170.08,1140,623.54,6174.59,1.7,1
Alcelaphus_buselaphus,160937.86,47894.46,738.97,7284.8,1,1.065
Alcelaphus_caama,176115.97,47894.46,537,7482.5,1,1.065
Alces_alces,461900.76,90250,1117.81,8638.34,1.25,1.7
Alces_americanus,541460.44,94000,581.86684,9165.10316,1,1
Alouatta_coibensis,4540.855,1100,854.4428,1462.225,1,1
Alouatta_macconnelli,5659.14,1100,854.4428,7837.5572,1,0.6
Alouatta_palliata,6576.99,1100,886.53,7742.87,1.02,0.6
Ammospermophilus_harrisii,126.57,45,270.745,3549.625,6.32,1
Ammospermophilus_leucurus,103.92,35,300.49,3723,8,1.25
Ammospermophilus_nelsoni,160.42,41,347.655,1690.763333,8.9,1
Antechinus_agilis,26.25,13,159.18,440.82,6,1
Antechinus_leo,70.09,26,204.4,425.6,8.19,1
Antechinus_stuartii,29.01,16,202.2,1679.341667,6.89,1
Antechinus_swainsonii,58.69,11.915,217.385,901.74,8.24,1
Anthops_ornatus,27.475,15.3,236.27,1546.73,1,1
Antilocapra_americana,47450.01,8900,277.46,5292.5,1.93,1
Antrozous_pallidus,22.24,13.16,315,5037,1.78,1
Aonyx_capensis,19322.22,3360,311.7708333,4818,2.62,1
Aotus_trivirgatus,912.4,360,807.09,10103.2,1.06,1.34
Aplodontia_rufa,806.21,369.76,671.6,2920,2.46,1
Apodemus_alpicola,56.21,8.7,29.41406,1591.08594,5.5,2.8
Apodemus_chevrieri,29.375,8.7,29.41406,1591.08594,5.5,2.8
Apodemus_flavicollis,31.6,8.7,28.59166667,1591.704167,4.94,3
Apodemus_gurkha,42.3,8.7,29.41406,1591.08594,3.36,2
Apodemus_latronum,29.375,8.7,29.41406,1591.08594,5.5,2.8
Apodemus_pallipes,29.4,8.7,29.41406,1883.08594,5.22,2.8
Apodemus_peninsulae,32.9,8.7,29.41406,1883.08594,4.41,2.8
Apodemus_ponticus,23.39,8.7,50.30352,2237.625,5.2,3.8
Apodemus_rusiges,29.375,8.7,29.41406,1591.08594,5.5,2.8
Arctictis_binturong,12999.99,2100,805.2716667,8932.158333,2.5,2
Arctocebus_aureus,234.16,160,186.60116,4446.09,1,1.5
Arctocebus_calabarensis,258.01,160,308.66,4327.08,1.01,1.5
Arctocephalus_australis,67979.43,18583.3,730,10074,1,1
Arctocephalus_forsteri,101249.99,15417.255,1501.28,3650,1,1
Arctocephalus_galapagoensis,39448.04,15000,456.25,6752.5,1,0.5
Arctocephalus_gazella,96599.99,15333.32,1161.22,7117.5,1,1
Arctocephalus_pusillus,178500,26150,738.7,10621.5,1,1
Arctocephalus_townsendi,101063.71,18583.3,765.348,10073.652,1,1
Arctocephalus_tropicalis,92222.55,14866.64,1266.6,6856.32,1.4,1
Artibeus_fraterculus,45.65,33.79,273.37,6725.713335,0.98,2
Artibeus_jamaicensis,43.63,33.79,273.37,6725.713335,1,2
Artibeus_lituratus,59.3,33.79,273.37,6725.713335,1,2
Artibeus_obscurus,35.91,33.79,273.37,6725.713335,0.98,2
Arvicanthis_ansorgei,24.8,8.7,30.5,2256.625,5.19,3.375
Arvicanthis_nairobae,95.8,21.7,29.063,2393.61,5,3.5
Arvicanthis_niloticus,95.8,21.7,39,2385.5,4.86,3.5
Arvicanthis_rufinus,73.34,22.36,32.39352,1847.625,4.86,3.5
Arvicola_amphibius,120,42,351,1460,4.76,3.5
Arvicola_sapidus,219.99,42,36.45724,1773.78158,3.21,3.21
Arvicola_scherman,37.69,42,36.45724,2182.208333,4.435,3
Ateles_chamek,7053.92,3790,794.97974,15199.11886,1,0.5
Ateles_fusciceps,9067.94,2000,1291.2,15016.1,1.01,0.5
Ateles_geoffroyi,7582.4,2000,1264.15,15439.5,1.01,0.32
Ateles_paniscus,8697.25,3790,1019.59,14965,1,0.5
Atilax_paludinosus,3600.16,550,198.83,7357.17,2,2
Baiomys_taylori,7.43,3.595,61.12,1226.416667,2.52,10
Balaenoptera_bonaerensis,23000000,5000000,3226.889,20954.77,1,0.29
Balaenoptera_musculus,154321304.5,17000000,1988.631667,37949.65833,1,0.45
Balaenoptera_physalus,47506008.23,6400000,2531.795,39611.625,1.01,0.37
Bandicota_indica,583.09,39.7,245.2,1417.22224,6.12,5.1228
Bassariscus_astutus,1010.37,258.7,311.16,6570,3,1
Batomys_dentatus,89.84,22.36,32.39352,2390.10648,4.86,3.5
Beamys_hindei,75.8,59.2,169.8641667,957.9833665,3.49,5
Bettongia_gaimardi,1667.55,516.43,150.68,4035,1,3.25
Bettongia_lesueur,1447.27,303.31,41.92,3443.55,1,3
Bettongia_penicillata,1184.35,378.45,138.95,6573.05,1,3
Bettongia_tropica,1256.58,256.9,48.41,6663.59,1,2.56
Bison_bison,624577.07,158000,807.68,11132.5,0.98,1
Bison_bonasus,675876.7,158000,781.06,8786.62,1,1
Blarina_hylophaga,14.49,14.5,42.72678,952.77322,6.5,1.5
Burramys_parvus,44.27,19,305.18,4015,3.6,1
Callimico_goeldii,558,215,425.3,7611.17,1.05,1.17
Callithrix_aurita,386.2,96.8,415,7841.958335,2,2
Callithrix_flaviceps,372.97,96.8,415,7841.958335,2,2
Callithrix_geoffroyi,342,96.8,415,7841.958335,2,2
Callithrix_humeralifera,374.99,96.8,377.99,7841.958335,2.24,2
Callithrix_intermedia,343.2,96.8,377.8,7841.958335,2,2
Callithrix_jacchus,290.21,96.8,494.86,7766.9,2.31,2
Callithrix_kuhlii,374.99,96.8,415,7841.958335,2,2
Callithrix_penicillata,339.98,96.8,415,7841.958335,2,2
Callithrix_pygmaea,123.94,70,749.68,5948.59,1.93,1.56
Callorhinus_ursinus,55464.82,12110,1379.66952,9461.64048,1.04,0.5
Calomys_boliviae,27,13.15,29.77352,104.3183735,4.985,3
Caloprymnus_campestris,2005,707.635,170.16,5435.545,1.01,1.5
Caluromys_philander,246.47,56.065,214.93,2913.92,4.18,2
Camelus_dromedarius,492714.47,253484,1262.24,12948.38,0.98,1
Canis_latrans,11989.1,1517,321.29,7592,5.72,1
Canis_lupus,31756.51,5250,502.68,10220,4.98,2
Cansumys_canus,97.5,42,36.45724,1773.78158,5.09,3.21
Capra_caucasica,58149.52,15691.695,707.33264,7249.55136,1.09,0.89
Capra_ibex,69546.83,15691.695,800.75,7227,1.11,0.75
Capra_nubiana,47763.72,15691.695,589.5,7321.73,1,0.8
Capra_sibirica,130000,15691.695,568.73,7342.5,1.18,0.8
Capra_walie,100144.02,15691.695,568.73,7342.5,1,0.8
Capreolus_capreolus,22502.01,8692.5,650.25,5657.5,1.79,1
Capreolus_pygargus,41371.03,8692.5,321.36,5974.5,2,1
Carollia_perspicillata,19.23,12.5,374.99,5794.38,1,2
Castor_fiber,19000,4199.995,852.32,11862.5,2.95,1
Cavia_aperea,524.38,171.05,53.35666667,2115.783333,2.14,5
Cavia_porcellus,727.99,212.67,51.8028,5333.5172,3.45,5
Cavia_tschudii,1000,171.05,40.86583333,2237.754167,1.9,5
Cebus_albifrons,2509.68,917.69,1196.98,14592.7,1.01,0.67
Cebus_apella,2758.38,1000,1795.48,14731.4,1.05,0.55
Cebus_capucinus,3005.99,1350,945.93,18615,1.01,0.46
Cebus_libidinosus,2670.07,1000,1451.392,14963.608,1,0.62
Cebus_nigritus,2642.5,1000,1444.89616,15038.10384,1,0.6
Cebus_xanthosternos,2642.5,1000,1420.44808,15062.55192,1.05,0.6
Ceratotherium_simum,2285939.43,274482.35,2098.75,15786.25,1,0.42
Cercartetus_caudatus,23.05,8.97,388.96,703,2.37,2
Cercartetus_concinnus,15.96,7.155,360.63,3407.103335,4.6,1
Cercartetus_nanus,26.85,7.155,89.58,3607.42,3.96,2
Cercocebus_agilis,7105.62,2170,1170.7548,15254.0132,1,0.95
Cercocebus_chrysogaster,543.5,2170,350.39984,6778.575,1.93,1.62
Cercocebus_galeritus,7077.66,2170,2007.5,5292.5,1.01,1
Cercocebus_sanjei,7775,2170,1170.7548,15254.0132,1,0.95
Cercopithecus_doggetti,7066.5,2170,2137.08772,5162.68028,1.005,0.5
Cercopithecus_neglectus,5324.52,1640,1286.93,9537.45,1.02,1
Cervus_elaphus,240867.13,46900,889.07,10503.79,1.09,0.91
Cervus_nippon,52999.99,28590,897.3,8504.5,1,1
Chaetodipus_californicus,23.01,10.5,68.25,577.8586665,4,0.8
Chaetodipus_formosus,20.02,8,344,2226.5,5.28,1
Chironectes_minimus,974.33,70,196.04,848.3916665,3.24,1.1
Chiropodomys_gliroides,23.68,10,84.4175,1212.7125,1.65,0.8
Chiropodomys_pusillus,28.9,10,77.17594,1212.82406,2.17,0.8
Chlorocebus_aethiops,3695.99,1036.25,1515.99,9800.25,1,1
Chlorocebus_cynosuros,4550,1036.25,1597.561,11651.939,1,1
Chlorocebus_djamdjamensis,5104.25,1036.25,1106.11236,15471.14,1,1
Chlorocebus_pygerythrus,5104.25,1036.25,1106.11236,15471.14,1,1
Chlorocebus_sabaeus,5104.25,1036.25,1106.11236,15471.14,1,1
Chlorocebus_tantalus,5104.25,1036.25,1106.11236,15471.14,1,1
Civettictis_civetta,12075.58,1514,312.5,9824.59,2.31,2.25
Colobus_angolensis,8990.31,1240,1372.01634,11242.5,1.01,0.6
Colobus_guereza,9925.88,1386.37,1528.46,10858.75,1,0.59
Colobus_polykomos,8797.29,1240,2888.72,9271,1,0.55
Colobus_satanas,9055.32,1240,1372.01634,10731.5,0.99,0.6
Colobus_vellerosus,7700.18,1240,1372.01634,10731.5,1.02,0.6
Condylura_cristata,48.15,30,283.3266667,790.8333333,5.39,1
Connochaetes_taurinus,198619.68,51125.665,473.68,8139.5,0.98,1
Cricetus_cricetus,428.95,105,66.4,1368.75,7.14,2
Crocidura_aleksandrisi,7.425,4,149.86906,1285,4,3.5
Crocidura_arabica,7.425,4,149.86906,1285,4,3.5
Crocidura_attila,10.6,7.7,51.18,1385,4.04,3.5
Crocidura_caspica,12,5.89,95.21612,1340.37388,1.615,3.5
Crocidura_denti,9.9,5.89,95.21612,1340.37388,4.02,3.5
Crocidura_dsinezumi,10.6,7.7,51.18,1385,4.29,3.5
Crocidura_ichnusae,8.17,7.7,51.18,1385,4.04,3.5
Crocidura_indochinensis,10.6,7.7,51.18,1385,4.04,3.5
Crocidura_orii,12,7.7,51.18,1385,1.615,3.5
Crocidura_phaeura,10.6,7.7,51.18,1385,4.165,3.5
Crocidura_pullata,5.63,7.7,51.18,1385,4.04,3.5
Crocidura_rapax,10.6,7.7,51.18,1385,4.04,3.5
Crocidura_russula,9.89,7.7,71.38,1364.8,4.04,3.5
Crocidura_selina,10.6,7.7,51.18,1385,4.04,3.5
Crocidura_shantungensis,14.49,4,149.86906,1285,3.74,3.5
Crocidura_sibirica,7.425,4,149.86906,1285,4,3.5
Crocidura_sicula,10.94,7.7,85.16,987.84,4.72,3.5
Crocidura_silacea,7,7.7,51.18,1385,3.99,3.5
Crocidura_smithii,10.84,7.7,77.9,1358.92,4.38,3.5
Crocidura_suaveolens,7.35,4,146.9816,1284.9884,3.49,3.5
Crocidura_vorax,10.49,7.7,51.18,1385,4.04,3.5
Crocidura_vosmaeri,10.6,7.7,51.18,1385,4.04,3.5
Crocidura_zimmermanni,36.36,20.7,51.18,1802,3.37,3.5
Crocuta_crocuta,63369.98,14500,632.38,13997.75,1.91,1
Crossarchus_platycephalus,4150,620,518.9338,5750.82528,2.5,1.64
Cryptomys_amatus,76.74,26.05,404.346,3565,2.86,1.5
Cryptomys_bocagei,93.84,26.05,404.346,3565,2.86,1.5
Cryptomys_darlingi,65.58,26.05,411.138,3565,1.84,1.665
Cryptomys_hottentotus,75.13,26.05,417.4883333,3565.441667,2.48,2
Cryptoprocta_ferox,9500,5251.93,1359.4875,6935.9125,2.98,1
Cryptotis_alticola,10.6,7.7,51.18,1385,4.04,3.5
Cryptotis_orophila,7,3.85,19.66,1237.5,2.995,2.5
Cryptotis_parva,4.97,3.85,29.23916667,1227.920833,4.55,2.5
Cryptotis_peregrina,6.2,3.85,19.66,1237.5,4.55,2.5
Cryptotis_tropicalis,7,3.85,19.66,1237.5,2.995,2.5
Cuon_alpinus,15800,2350,292.6932,7606.9768,4.3,1
Cynomys_ludovicianus,797.05,140.57,753.091632,3216.338368,4.43,1
Cynopterus_brachyotis,33.87,25,209.71,3434.79,0.99,2
Cynopterus_luzoniensis,13.9,25,155.36,3485.645,0.995,2
Cynopterus_minutus,26.45,25,209.71,3434.79,1.1,2
Cynopterus_sphinx,44.71,25,286.88,3330.63,1.5,2
Cynopterus_titthaecheilus,58.33,25,209.71,3434.79,1,2
Cystophora_cristata,278896.81,44038.545,1377.5,11388,1,1
Dactylopsila_megalura,5283.94,734.995,258.5,4716,1,1.48
Dama_dama,57224.61,22570,917.37,8030,1,1
Damaliscus_pygargus,77784.55,21189.56,882.09,7391.25,1.41,1.1
Dasycercus_cristicauda,99.54,21.485,219.56,2361.44,6.5,1
Dasykaluta_rosamondae,32.17,3.84,202.89,780.61,6.64,1
Dasymys_alleni,116.965,30,41.59712,293.18488,2.585,2
Dasymys_foxi,116.965,30,41.59712,293.18488,2.585,2
Dasymys_incomtus,127.75,30,41.175,293.18488,2.67,2
Dasymys_montanus,116.965,30,41.59712,293.18488,2.585,2
Dasymys_nudipes,116.965,30,41.59712,293.18488,2.585,2
Dasymys_rufulus,116.965,30,41.59712,293.18488,2.585,2
Dasyuroides_byrnei,109.47,45,163.96,2646.04,5.14,2
Dasyurus_geoffroii,1106.62,29.89,209.22,1912.928333,5.47,1
Dasyurus_hallucatus,470.92,100,191.475,1831.621667,6.39,1
Dasyurus_maculatus,3284.15,664,230.28,2116.72,4.47,1
Dasyurus_viverrinus,1101.49,501.415,211.98,2122.803333,4.7,1
Daubentonia_madagascariensis,2731.37,1535,1079.8,7592,1.01,0.42
Delphinus_capensis,7500000,39999.995,2572.66,23905,1,1
Delphinus_delphis,79271.69,39999.995,1268.475,5626.475,0.98,0.42
Dendrolagus_inustus,12625,1800,145.27,9164.13,1.11,1.03
Dendrolagus_spadix,8468.2,945.25,537.08,8921.42,1,1.03
Diceros_bicornis,995940.54,426865.48,1470.03,15831.88,1,0.39
Dicrostonyx_groenlandicus,58.44,23,44.08,1143,3.78,2
Dicrostonyx_nelsoni,67.5,23,23.86892,1164.5,3.4,2.5
Dicrostonyx_nunatakensis,58.44,23,23.86892,1164.5,3.4,2.5
Dicrostonyx_richardsoni,55,23,72.0875,638.75,3.5,2.5
Dicrostonyx_torquatus,78.77,25.5,60.84,1295.75,3.85,2
Dicrostonyx_unalascensis,58.44,23,23.86892,1164.5,2.79,3.64
Dicrostonyx_vinogradovi,58.44,23,23.86892,1164.5,3.4,2.5
Didelphis_aurita,1105.88,95.955,78,2377,6.11,2
Didelphis_marsupialis,1134.75,95.955,90.03,1350.5,7.09,2
Didelphis_virginiana,2442.08,125,76.38,2223,8.62,2
Diomys_crumpi,116.965,30,41.59712,293.18488,2.585,2
Dipodomys_californicus,84.95,28.1,22.13,2976.37,2.6,2
Dipodomys_deserti,107.63,38,30.48788,3234.12,3.36,2.5
Dipodomys_heermanni,63.08,28.1,22.13,2976.37,3.11,2
Dipodomys_merriami,37.91,17.3,76.58,3443.5,2.39,1.75
Dipodomys_microps,56.26,21,126.0065,1187.371667,2.37,1
Dipodomys_nitratoides,41.59,17.6,61.63,3445.26,2.14,1.63
Dipodomys_panamintinus,73.67,21,12.86833333,1879.689547,3.78,1
Dipodomys_spectabilis,124.61,30.3,286.33,4325.17,2.67,2
Dobsonia_anderseni,233.99,162,541.73,3777.711665,0.99,1
Dobsonia_chapmani,37.2,25,155.36,3485.645,1,2
Dobsonia_magna,465,162,568.79,3757.551665,0.995,1
Dobsonia_moluccensis,447.64,162,541.73,3777.711665,0.99,1
Dobsonia_pannietensis,239.19,162,541.73,3777.711665,0.98,1
Drymoreomys_albimaculatus,67.885,25.5,60.885,1295.692,3.85,1.75
Echinops_telfairi,152.25,50,221.8866667,6681.933333,5.49,1
Eira_barbara,4134.99,1707.5,617.51844,7439.5,2.14,2
Elephantulus_rufescens,52.78,28.995,119.15,2739.5,1.41,5.25
Enhydra_lutris,27410.93,12540.745,1133.759184,9637.260816,0.96,0.83
Episoriculus_leucops,6.2,3.85,19.66,1237.5,4.55,2.5
Epomops_buettikoferi,135.67,47.26,309.35,514.9433335,0.98,2
Eptesicus_fuscus,17.49,15.2,436.965,6828.855,1.85,1
Equus_asinus,164998.49,32500,555.8,16288.13,1,1
Equus_burchellii,279160.65,189750,983.39,13322.5,1,0.64
Equus_quagga,359.085,205000,511.5625,13693.4375,2,0.6
Equus_zebra,282462.13,117097.78,1451.91,10484.63,1,0.35
Erethizon_dorsata,8009.73,1000,884.30596,7607.215,3,1
Erignathus_barbatus,279999.99,75335.34,2169.06,9290.1625,1,1
Erinaceus_amurensis,774.475,235,224.09634,4844.2,4.22,1.58
Erinaceus_concolor,665.99,235,171.7576,7743.9424,5.23,1.5
Erinaceus_europaeus,777.95,235,309.79,4760.21,4.64,1.5
Erinaceus_roumanicus,392,235,40.15386,4076.84614,4.49,1
Erythrocebus_patas,7966.3,1950,868,9249.71,1.01,0.97
Eubalaena_australis,22999999.91,872755.7,2806.17,22447.5,1,0.455256411
Eubalaena_glacialis,22999999.91,5000000,3133.87,20987.5,1,0.31
Eubalaena_japonica,23000000,5000000,3226.889,3821.666667,1,0.29
Eumetopias_jubatus,382466.74,106610,1355.895744,10265.10426,0.96,1
Euphractus_sexcinctus,4731.16,420,245.9312,7792.5688,1.73,2
Felis_bieti,5486.95,636.895,226.32732,9912.16768,3.69,2.02
Felis_catus,2884.8,636.895,222.495,12106,4,1.5
Felis_chaus,7157.99,2212.5,385.7016667,6818.808333,2.94,2
Felis_silvestris,4573.08,636.895,288.99,9855,3.59,2
Galago_gallarum,250,108.335,196.09626,6588.981665,1.5,2
Galago_granti,277.615,108.335,235.66338,4084.55602,1.22,1
Galago_matschiei,211.61,108.335,196.09626,6588.981665,0.99,2
Galago_moholi,191.96,100,168.69,5799.85,1.6,2
Galago_nyasae,181.85,108.335,235.66338,6549.414545,1.5,2
Galago_senegalensis,215.2,108.335,417.07,6363.045,1.5,2
Galago_zanzibaricus,147.35,108.335,305.73,5657.5,1.29,2
Galea_musteloides,386.64,136.75,35.17833333,1211.191667,2.6,7
Galidia_elegans,810,183,677.4216667,8753.308333,1,1
Gazella_bennettii,18916.67,5505,397.11,8165.39,1.22,1.1
Gazella_dorcas,15635.95,5505,775.1,7814.05,1.22,1
Gazella_saudiya,16000,5505,381.0305,8151.53,1.22,1
Gazella_subgutturosa,26981.37,13500,446.6708,6736.9192,1.39,1
Geomys_arenarius,206,22.5,58.8,4287.2,4.71,2
Geomys_attwateri,144.06,22.5,58.8,4287.2,1.89,1
Geomys_breviceps,136.47,22.5,57,4289,2.53,1.7
Geomys_bursarius,203.75,22.5,84.6375,4260.4625,3.14,1
Geomys_knoxjonesi,172.49,22.5,61.90802,4287.2,3.39,1
Geomys_texensis,176.7,22.5,58.8,4287.2,3.39,1
Georychus_capensis,188.36,36,282.3366667,3783.833333,5.94,2
Gerbilliscus_brantsii,89.41,45,138.5116667,137.441,2.74,4
Gerbillurus_paeba,25.91,13.495,52.8975,1109.110513,3.64,2
Gerbillus_floweri,39.9,11,50.65,2914.85,3.3,5
Gerbillus_garamantis,39.9,11,50.65,2914.85,3.3,5
Gerbillus_hesperinus,28.4,11,50.65,2638.458333,4.08,3
Gerbillus_hoogstraali,39.9,11,50.65,2914.85,3.3,5
Gerbillus_perpallidus,52.22,17.23,66.50266,1914.36584,4.65,2
Gerbillus_pyramidum,42.8,11,51.27916667,2914.220833,3.3,5
Gerbillus_tarabuli,39.9,11,51.42387,2914.51038,3.385,5
Gerbillus_vivax,39.9,11,51.42387,2914.51038,3.385,5
Glaucomys_sabrinus,137.53,39.74,173.1625,4944.8375,3,1
Glaucomys_volans,71.9,46.2,272.4866667,6605.283333,3.13,2
Glirulus_japonicus,27,25.595,107.02,2409.98,4,1.5
Glis_glis,128.09,27.72,291.53,4060.63,5.17,1
Gorilla_beringei,149325.19,12595,2083.01,17129.94,1,0.3
Gorilla_gorilla,112588.99,12595,2729.65,16571,1.05,0.26
Gracilinanus_microtarsus,29.3,9,289.165,364.735,9.7,1
Gymnobelideus_leadbeateri,137.32,34,245.68,4781.5,1.54,2
Halichoerus_grypus,197570.01,42148.54,1806.63,15210.4625,0.96,0.93
Herpestes_ichneumon,2980.02,800,670.746,6569.773,3,1.5
Herpestes_javanicus,750,275,257.535,3348.875,2.21,2
Heterocephalus_glaber,39.36,11,200.845,11086.875,11.3,4.5
Hippopotamus_amphibius,1536310.4,237500,1140.99,20878,1,1
Hipposideros_fulvus,8.83,4.5,683.28,4025.14,1,1
Histriophoca_fasciata,90000,28077.14,705.5,10585,1,1
Homo_sapiens,58540.63,11750,4566.64,39420,1,0.485
Hyaena_brunnea,42977.93,27400,792.56,10548.5,2.3,0.4
Hydrochoeris_hydrochaeris,51572.455,8299,354.7918,5053.7082,3.485,1.25
Hydrochoeris_isthmius,51572.455,8299,354.7918,5053.7082,3.485,1.25
Hydromys_chrysogaster,626.17,150,128,2506.5,3.51,2.5
Hydrurga_leptonyx,352675.48,52308.57,1237.965,8221.625,0.96,1.1
Hylobates_agilis,5829.08,1070,2248.56058,17955.93714,1.02,0.475
Hylobates_albibarbis,180,100,232.77032,6550.936345,1.545,2
Hylobates_lar,5578.61,1070,2672.29,17041.85,1.01,0.45
Hylobates_moloch,5860.81,1070,2248.56058,17955.93714,1,0.42
Hylobates_muelleri,5909.81,1070,2248.56058,18159.72881,1.02,0.5
Hylobates_pileatus,5542.37,1070,1954.49772,18250,1,0.5
Hylomys_parvus,771,235,191.32868,4876.974,4.5,1.54
Hypsiprymnodon_moschatus,534.25,190.39,96.53,1825,2.04,1.1
Hypsugo_savii,6.3,4.34,26.56,377.59,2,1
Ictonyx_striatus,811.02,170,245.07,4805.84,2.3,1
Inia_geoffrensis,121430.76,11119.2,1460.97,9598.25,1,0.666666667
Isoodon_auratus,425,152.945,111.11,2274.4,2.6,2.2
Isoodon_macrourus,1505.77,125,85.01,2334,3.13,2.66
Isoodon_obesulus,824.76,152.945,129.555,2181.95,2.33,2.2
Jaculus_jaculus,59.8,20,237.3,2360.34,3.24,1.5
Kobus_kob,80035.21,31600,206.77,7605.39,1,1.3
Kobus_vardonii,71462.72,31600,211.25698,7597.8,1,1.3
Lagorchestes_conspicillatus,2821.01,950,172.94,2841.143333,1,1.71
Lagorchestes_hirsutus,1407.14,749.995,201.885,4475.24,1,2.92
Lagostomus_maximus,4660.94,652.2,309.32,3577,1.93,1.25
Lagostrophus_fasciatus,1933.48,359.99,122.73,1068.04,0.9,1.1
Lagurus_lagurus,20.6,5.75,33.66,1332.5,4,5.25
Lama_glama,78322.67,29000,416.1624,11752.6376,1,1
Lasionycteris_noctivagans,11.02,10.1,117.345,4226.66,1.77,1
Lasiorhinus_krefftii,31849.99,3816.5,263.115,10522.02333,1,1
Lasiorhinus_latifrons,26163.8,3816.5,2411.43,8176,1,1
Lasiurus_minor,20,5.84,332.25,574.625,2.985,1
Lasiurus_pfeifferi,12.33,5.84,332.25,574.625,3.12,1
Lasiurus_salinae,12.33,5.84,332.25,574.625,3.12,1
Lasiurus_seminolus,9.88,5.84,332.25,574.625,2.68,1
Lasiurus_xanthinus,11.815,5.84,316.49,1938.875,3.06,1
Lemniscomys_striatus,43.65,15,140.3158333,1584.404167,4.64,1.5
Leontopithecus_caissara,604.01,165,523.22738,10879.89782,1.95,1.75
Leontopithecus_chrysomelas,572.8,165,523.22738,10879.89782,2.04,1.75
Leontopithecus_chrysopygus,656.12,165,523.22738,10879.89782,1.95,1.75
Leontopithecus_rosalia,592.52,165,793.01,10665.3,1.94,1.75
Leopardus_pardalis,11880,3400,556.9033333,9629.916667,1.66,1
Leopardus_wiedii,3270.81,785.1,565.1208333,8101.479167,1.5,0.7
Leptonychotes_weddellii,400000,113958.565,1781.65,7300,1,1.1
Lepus_americanus,1568.42,401.45,342.02,2555,3.54,2.5
Lepus_arcticus,4412.73,491.995,287.019024,2203.150592,5.62,1.5
Lepus_californicus,2422.48,1300,223.6444,4063.5056,2.68,4.05
Lepus_capensis,2047.11,929.16,200.037264,3048.45436,2.44,3
Lepus_corsicanus,2115.185,652.495,198.85636,4152.33872,2.44,3.75
Lepus_europaeus,3816.43,652.495,206.0772693,4143.506064,2.14,4.4
Lepus_granatensis,2323.94,929.16,169.7952,3048.45436,1.46,3.14
Lepus_habessinicus,2015.56,929.16,169.7952,3048.45436,2.51,3.14
Lepus_othus,4837.35,492,322.0933333,6304,6.15,1
Lepus_saxatilis,2593.63,652.495,198.85636,4152.33872,1.52,5.35
Lepus_starcki,2760.67,929.16,169.7952,3048.45436,2.51,3.14
Lepus_tibetanus,3673.33,652.495,198.85636,4152.33872,2.44,3.75
Lepus_timidus,3105.42,491.995,242.581296,6304.286736,3.16,3
Lepus_tolai,1589,929.16,197.41084,3020.83872,2.93,3.14
Lepus_townsendii,3371.64,736.995,304.05296,2586.71704,4.49,3.29
Lobodon_carcinophaga,224999.99,120000,1793.68,12410,0.96,1
Lontra_canadensis,8087.42,1510,608.34,7665,2.67,0.94
Lophocebus_albigena,7418.71,2170,1262.89,11665.4,1.01,0.36
Lophocebus_aterrimus,6510.37,2170,1519.50488,11636.91179,1,0.4
Lophocebus_opdenboschi,4961.5,1036.25,1106.11236,15471.14,1,1
Lophuromys_aquilus,53.61,13.61,14.17194,2121.375,3.25,1
Lophuromys_brevicaudus,56.035,15.41,14.17194,212.804,2.305,1
Lophuromys_brunneus,56.035,15.41,14.17194,212.804,2.305,1
Lophuromys_chrysopus,56.035,15.41,14.17194,212.804,2.305,1
Lophuromys_eisentrauti,56.035,15.41,14.17194,212.804,2.305,1
Lophuromys_flavopunctatus,57.07,15.41,18.11333333,212.804,2.3,1
Lophuromys_zena,56.035,15.41,14.17194,212.804,2.305,1
Loris_lydekkerianus,254.06,139,221.255,6664.5,1.37,1.5
Loris_tardigradus,249.22,139,380.01,6497,1.44,1.5
Loxodonta_africana,3824539.93,600000,2378.7,25732.5,0.84,0.21
Loxodonta_cyclotis,4750000.01,600000,3165.00718,24946.19282,1,0.21
Lutra_nippon,612,160,252.165,4805.64,5.07,1.425
Lynx_lynx,19300,1860,416.096048,9284.053952,2.3,1
Lynx_rufus,6374.47,1860,487.51,11242,2.76,0.94
Macaca_arctoides,9358.04,2300,1173.59,9398.75,1.01,0.61
Macaca_fascicularis,4569.32,851.28,1127.19,12824.28,1,1
Macaca_fuscata,10114.76,1767.5,1614.71,12172.75,1.02,1
Macaca_hecki,6768.75,2170,1519.50488,11636.91179,1,0.4
Macaca_leonina,7386,1416.5,1145.27612,12234,1,0.8
Macaca_maura,7290.3,1416.5,1327.84,10220,1.01,0.55
Macaca_mulatta,6455.19,1454,1155.84,13140,1.01,1
Macaca_nemestrina,7820.78,1416.5,1138.2,12293.2,1.01,0.85
Macaca_nigrescens,7603.39,1416.5,902.61352,12497.38648,1,0.85
Macaca_ochreata,2745.5,1416.5,1145.27612,12234,1,0.8
Macaca_pagensis,4534.66,1416.5,918.82,12496.88,1,0.85
Macaca_radiata,4999.99,2000,1127.75,9490,1.01,1
Macaca_siberu,7662.195,1416.5,1341.92978,10703.07022,1,0.7
Macaca_sylvanus,11471.53,2420,1536.27,8874.98,1.02,0.55
Macaca_thibetana,10593.06,2350,1038.89836,9496.37664,1.01,0.5
Macropus_agilis,11815.75,2286.7,88.88,5757.88,1.01,1.8
Macropus_antilopinus,27250.1,3621.705,362.66,8001.85,1,1.295
Macropus_fuliginosus,25564.7,9389.085,89.66,7859.67,1,1
Macropus_giganteus,33409.89,6062.015,301.78,8312.4,1,1
Macropus_parma,4156.62,754,87.87,5423.3,0.9,1.3
Macropus_robustus,25978.92,3621.705,180.81,8213,1,0.723287671
Macropus_rufogriseus,16850,2341.255,75.65,6433.13,1.01,1
Macropus_rufus,38968.39,5000,187.51,10402.5,1,1.36
Macruromys_elegans,56.035,15.41,14.17194,212.804,2.305,1
Madoqua_guentheri,4623.7,2825.5,54.901,6248.9,0.98,2
Madoqua_kirkii,4833.4,1780,459.29,5812.63,0.98,2
Mandrillus_sphinx,16685.06,3000,1111.99,15450.45,1.02,0.83
Manis_culionensis,300000,205000,511.5625,13693.4375,1,0.6
Manis_temminckii,11943.74,948.7,707.70994,397.6416665,1,1
Marmosa_mexicana,49.06,118,252.92,5089.371665,11.6,2
Marmosa_murina,36.28,118,252.92,5089.371665,8.4,2
Marmosa_quichua,518,118,252.92,5089.371665,5.5,3
Marmosa_robinsoni,60.57,10.74,200.095,1558.59,9.5,1.5
Marmota_flaviventris,3709.73,478.83,705,7008,4.66,1
Marmota_monax,3880.93,248,498.249408,4567.920592,4.1,1
Martes_americana,873.69,392,319.27,6570,2.6,1
Martes_martes,1299.99,680,310.81,6278,3.49,0.75
Mastomys_natalensis,41.85,12.685,68.1,989.3428065,9.23,2
Mazama_pandora,37992.005,14500,219.31314,4074.4303,1.575,1.05
Melomys_obiensis,71,38.345,88.69028,1417.22224,5.88,3.75
Mephitis_mephitis,2399.99,493.5,284.829056,4733.520944,5.7,2
Meriones_grandis,96,25,71.17398,1603.049187,2.075,3.82
Meriones_hurrianae,71.02,20.5,89.95416667,225.9396865,4.1,3.5
Meriones_libycus,91.33,45,61.07,1806.75,4.54,1
Meriones_shawi,90.6,25,99.96,1603.049187,5.84,3.82
Meriones_tristrami,111.62,25,71.17398,1603.049187,5.8,3.82
Meriones_unguiculatus,57.75,14.3,67.05,2208.5,5.01,3
Meriones_zarudnyi,137.8,25,71.17398,1603.049187,5.625,3.82
Mesembriomys_gouldii,716.49,440.5,21.57666667,2776.433333,1.87,4
Mesocricetus_auratus,98.6,22.93,54.95,1021.4,8.79,4
Mesocricetus_brandti,198,22.93,30,1556,9.01,3
Mesocricetus_newtoni,97.5,22.93,27.495,3602,8.69,3.75
Mesocricetus_raddei,105,22.93,27.495,3602,8.99,2
Mesoplodon_peruvianus,75000,39999.995,1542.29478,8646.78022,1,0.42
Micromurexia_habbema,26.25,13,227.195,1656.846667,7.5,1
Micropteropus_pusillus,25.38,20,294.61,1467.795,0.99,2
Microtus_agrestis,35.87,8.9,38.6,1699.5,4.65,3.5
Microtus_arvalis,26.9,8.9,31.82,1703,4.99,6
Microtus_californicus,57.42,18.28,48.94833333,736.6066665,4.41,5
Microtus_guentheri,49.99,15,169.1808333,1241.9125,6.14,6.5
Microtus_ilaeus,20,8.9,20.34712,1714,4.99,5.5
Microtus_irani,25.4,8.9,20.34712,1714,4.99,5.5
Microtus_levis,35.49,8.9,20.34712,1714,5.1,5.5
Microtus_limnophilus,23.16,15.6,16.73492,754.0984135,3,3.44
Microtus_mongolicus,33.1,15.6,16.73492,754.0984135,5.76,3.44
Microtus_montebelli,29.49,15.9,43.58333333,745.9733335,4.3,3.5
Microtus_ochrogaster,42.5,16.68,26.45,1887.05,3.87,4.07
Microtus_oeconomus,33.1,15.6,22,615,5.62,3.5
Microtus_oregoni,20.35,10,18.0275,424.3125,3.32,4.8
Microtus_paradoxus,25.4,8.9,20.34712,1714,5.1,5.5
Microtus_pennsylvanicus,42.53,13.37,32.08,441.6666667,5.16,2.7
Microtus_pinetorum,25.95,9.6,77.5575,1289.3625,2.47,2.5
Microtus_subterraneus,17.74,9.435,73.19083333,937.7458333,2.46,5.5
Miniopterus_fuscus,14.9,12.5,511,7453,0.99,1
Miniopterus_gleni,10.905,12.5,511,7453,1,1
Miniopterus_magnater,14.14,12.5,511,7453,1,1
Miniopterus_majori,11.46,12.5,606.25,7363.56,0.995,1
Miniopterus_manavi,11.46,12.5,606.25,7363.56,0.995,1
Miniopterus_medius,11.4,12.5,511,7453,1,1
Miniopterus_natalensis,10.43,12.5,606.25,7363.56,1,1
Miniopterus_schreibersii,11.46,12.5,663.47,4386.34,0.99,1
Miopithecus_ogouensis,7151.5,1416.5,918.82,12496.88,1,0.85
Miopithecus_talapoin,1248.86,450,1419.72,9679.8,1.01,1
Mirounga_angustirostris,1112390.81,129127.54,1432.63,5946.458333,1,1
Mirounga_leonina,1600000,124500,1437.07,6935,1,0.86
Monachus_schauinslandi,222999.99,62654.835,1787.87,9125,1,0.5
Monachus_tropicalis,158597.43,25000,1503.1515,11204.25,1,0.89
Monodelphis_domestica,93.45,20.65,133.01,2007.5,7.29,4
Monodelphis_maraxina,90,20.65,85.855,1242.946667,7.12,1.5
Monodelphis_umbristriata,99,20.65,85.855,2052.9,9,4
Mus_caroli,14.26,8.95,31.44108,2136.645,5.805,4.57
Mus_indutus,6.15,3.33,39,1509.5,4.76,4
Mus_macedonicus,20.5,8.95,31.44108,2136.645,6.07,4.57
Mus_mahomet,10,12.685,51.69844,989.3428065,8.595,2
Mus_minutoides,6.43,3.33,41.81,1507.5,4.18,4
Mus_musculoides,8.23,3.33,38.99958,1509.5,3.49,4
Mus_musculus,19.3,8.95,118,2050.5,5.54,4.5
Mus_neavei,20.5,8.95,31.44108,2136.645,6.07,4.57
Mus_orangiae,7.585,3.33,39,1509.5,4.18,4
Mus_phillipsi,7.585,3.33,39,1509.5,4.18,4
Mus_sorella,28.64,4.5,23.0885,1698.583333,6.315,3
Mus_spicilegus,19.9,8.95,42.79608,2125.29,6.69,4.5
Mus_spretus,16.67,8.95,20.29304,2148,5.15,4.57
Mustela_erminea,284.5,26.57,34.032816,4467.537184,6.74,1
Mustela_frenata,190.03,34.6,127.8908333,3049.879167,6.5,1
Mustela_nivalis,78.45,44.565,76.789264,3536.470736,5.07,1
Mustela_subpalmata,530.85,44.565,79.34698,4223.166667,6.48,1.5
Mylomys_rex,60.315,22.125,64.9244,1335.747227,3.665,3.635
Myocastor_coypus,6361.55,1750,266.54,4060.63,5.34,2.58
Myodes_californicus,18.3,10.89,105.0042,757.2976665,3.1,3.85
Myodes_centralis,21.15,9.62,50.4208,1723.907533,4.83,10
Myodes_gapperi,19.83,10.63,90.79666667,486.6666667,5.37,2.4
Myodes_glareolus,20.73,9.44,63.49,1711.485,4.31,3.5
Myodes_smithii,34.94,10,92.66,1157.5,4.1,3.7
Myoprocta_acouchy,954.87,350,223.835,5151.975,1.97,1
Myoprocta_pratti,966.73,350,183.65696,5167.52804,1.77,1
Myopus_schisticolor,29.99,14.345,40.97,304.17,5.25,2
Myotis_blythii,23.82,23.1,378.915,11624.09,0.98,1
Myotis_capaccinii,8.15,23.1,368.26,11634.745,0.99,1
Myotis_chinensis,41.99,23.1,408.805,7579.2,1.25,1
Myotis_daubentonii,7.63,5.49,515.285,9669.385,1.21,1
Myotis_dominicensis,5.3,3.7,63,8395,1,1
Myotis_fimbriatus,4.2,3.7,63,2457,1,2.75
Myotis_findleyi,23.41,23.1,368.26,11634.745,1,1
Myotis_fortidens,4.37,6.79,219.8,12164.7,0.98,1
Myotis_longipes,8.5,23.1,368.26,9490,1,1
Myotis_lucifugus,7.8,6.79,704,11680,1,1
Myotis_macrodactylus,7.48,23.1,368.26,11634.745,1,1
Myotis_macropus,23.41,23.1,368.26,11634.745,1,1
Myotis_myotis,25.59,23.1,688.01,12811.5,1.5,1
Myotis_nigricans,4.1,3.7,63,2457,1,2.75
Myotis_occultus,8.79,6.79,219.8,12164.7,1,1
Myotis_oxygnathus,21.23,23.1,378.915,11624.09,1,1
Myotis_punicus,4.91,23.1,378.915,11624.09,1,1
Myotis_ricketti,24.705,23.1,378.915,11624.09,1,1
Myotis_velifer,9.82,8.59,349.955,3742.495,0.99,1
Myotomys_unisulcatus,102.5,16.88,33.47,256.7766665,1.42,1
Myrmecophaga_tridactyla,29531.83,3499.99,1106.29,10128.75,1,1
Mystromys_albicaudatus,86.85,40,114,2153.5,3,3.55
Napaeozapus_insignis,22.25,8.9,220.51,1204.5,4.5,1.25
Nasalis_larvatus,12265.65,2000,1430.75,7519,1.02,0.67
Nasua_nasua,3775.5,730,860.8276,7676.5224,3.69,1
Neofelis_nebulosa,14945.05,5427.5,688.2883333,6427.041667,2.25,1
Neomys_fodiens,15.26,10,124.3475,971.8125,6.39,2
Neomys_teres,15.13,10,127.789,971.711,3.99,1.8
Neophoca_cinerea,189274.99,59724,552.81,7701.5,1.35,0.69
Neophocaena_phocaenoides,32500,24500,1769.3425,9956.2875,0.97,0.5
Neotoma_albigula,208.18,103.3,118.5833333,3315.416667,2.14,2
Neotoma_anthonyi,195.4,34.94,63.59,3737.91,2.92,3
Neotoma_bryanti,182,34.94,63.59,3737.91,2.92,3
Neotoma_bunkeri,375,34.94,63.59,3737.91,2.92,3
Neotoma_cinerea,285.89,100.195,326.1791667,742.4708333,3.45,1.5
Neotoma_devia,200,34.94,54.75,3747.16,2.1,3
Neotoma_floridana,249.16,64.3,105.9525,2995.7375,3.11,2.5
Neotoma_goldmani,198,103.3,60.64,3373.36,1.29,2
Neotoma_lepida,143.88,34.94,94.81416667,3704.445833,2.7,3.5
Neotoma_leucodon,237.49,103.3,60.64,1969.291667,4.315,2
Neotoma_magister,447,64.3,89.95822,3348.32322,2,2.25
Neotoma_martinensis,240.16,34.94,63.59,3737.91,2.92,3
Neotoma_micropus,255.14,90.725,106.4366667,1080.4,2.5,2
Neotoma_nelsoni,198,103.3,60.64,3373.36,2.14,2
Neotoma_palatina,198,103.3,60.64,3373.36,2.14,2
Neotoma_stephensi,149.22,34.99,252.3583333,3704.36444,1.06,1.9
Neovison_macrodon,49.75,44.565,79.34698,3530,5.085,1.5
Neovison_vison,925,110,205.2791667,3899.720833,4.5,1
Nesoryzomys_darwini,190.5,103.3,60.64,3373.36,2.14,2
Noctilio_albiventris,31.46,21,280.81,4674.791665,0.99,1
Noctilio_leporinus,29.93,21,280.81,4674.791665,1,1
Nomascus_gabriellae,5829.08,1070,2248.56058,17955.93714,1,0.475
Notomys_alexis,32.34,12.5,46.04166667,2259.958333,4.01,3.73
Nyctalus_furvus,14.235,20.21,370.075,6839,1.5,1
Nyctalus_montanus,19.375,20.21,370.075,7870.675,1.165,1
Nyctalus_noctula,28.48,20.21,317.11,4015,1.33,1
Nyctalus_plancyi,16,20.21,370.075,6839,1.5,1
Nyctereutes_procyonoides,4214.99,780,680.31,5329,6.36,1
Nycticebus_bengalensis,1137.36,520,442.34124,9053.09,1.035,1
Nycticebus_coucang,924.55,520,751.36,8739.93,1.12,1
Nycticebus_pygmaeus,342.32,520,401,9094.5,1.75,1
Nycticeius_aenobarbus,19.375,20.21,370.075,7870.675,1.165,1
Nycticeius_cubanus,5.69,3.555,76.5,8395,0.99,2.5
Nycticeius_humeralis,9.12,3.555,335.86,8395,1.94,1
Nyctophilus_geoffroyi,6.65,3.555,335.86,8395,1.47,1
Ochotona_argentata,1207.19,118.5,99,3454,5,3.9
Ochotona_princeps,157.63,81.12,320.9083333,2207.641667,2.88,2
Ochotona_rufescens,250,75.33,32.9225,1157.09222,6.05,4
Octodon_degus,203.27,71.2,288.162032,4790.717968,5.31,2
Odobenus_rosmarus,1042996.25,200000,1233.64,12775,1.22,0.5
Odocoileus_hemionus,84560.57,23500,474.01,7482.5,1.61,0.97
Odocoileus_virginianus,75901.25,33631.33,383.08,7932,1.57,1
Oenomys_hypoxanthus,89.84,30,86.49583333,731.86006,2.81,2
Oenomys_ornatus,85.5,30,86.54694,731.86006,3.365,2
Okapia_johnstoni,230001.14,77000,544.2816667,11501.75833,0.98,1
Ondatra_zibethicus,991.31,152.9,337.16,3285,6.55,2.43
Onychogalea_fraenata,4952.05,1566.44,32.61,2503.625,1,1.89
Onychomys_arenicola,30,11.225,60.04738,1962.0422,3.665,2.55
Onychomys_leucogaster,27.92,13.1,133.51,1887.67,3.84,3.8
Onychomys_torridus,21.68,11.225,101.8,1557.34,3.3,2.5
Orcaella_brevirostris,189999.99,45000,1354.621,9124,1,2
Orycteropus_afer,56175.2,6250,1054.08,9782,1.1,1
Oryctolagus_cuniculus,1590.57,212.53,95.36,6448.34,5.24,4.5
Oryzomys_couesi,69.29,22.12,38.71904,814.82696,3.63,5.5
Oryzomys_emmonsae,22.65,9.095,48.58588,2849.08412,4.345,3.9
Oryzomys_laticeps,49.11,34.99,24.632,1403.108333,4.02,5.995
Oryzomys_maracajuensis,22.65,9.095,48.58588,2849.08412,4.345,3.9
Oryzomys_megacephalus,57,34.99,24.632,1324.645833,3.72,6.06
Oryzomys_nitidus,55.19,34.99,24.632,1403.108333,4.02,5.995
Oryzomys_palustris,53.26,22.12,42.70166667,812.7333333,4.08,5.5
Oryzomys_perenensis,50.825,34.99,24.632,1403.108333,4.02,5.995
Oryzomys_rhabdops,50.825,34.99,24.632,1403.108333,4.02,5.995
Otolemur_crassicaudatus,1206.61,500,674.73,7486.15,1.14,1
Otolemur_garnettii,811.17,108.335,437.5,6102.8,1.02,1.36
Otolemur_monteiri,1577.16,500,471.98492,7675.64,2.1,1
Otomys_anchietae,89.99,30,85.01204,571.2830665,1.715,4
Otomys_angoniensis,100.64,30,69.2172,586.9894665,2.86,4
Otomys_barbouri,114.45,30,85.01204,571.2830665,1.715,4
Otomys_burtoni,114.45,30,85.01204,571.2830665,1.715,4
Otomys_cuanzensis,114.45,30,69.2172,586.9894665,1.78,4
Otomys_dartmouthi,130.65,30,69.2172,586.9894665,2.86,4
Otomys_dollmani,114.45,30,78.36844,577.9266665,1.6,5
Otomys_irroratus,114.45,30,69.165,587.0416667,1.65,3.75
Otomys_jacksoni,114.45,30,78.36844,577.9266665,1.65,4.25
Otomys_lacustris,114.45,30,85.01204,571.2830665,1.6,5
Otomys_laminatus,150,30,85.01204,571.2830665,1.715,4
Otomys_maximus,192,30,69.2172,586.9894665,3.7,4
Otomys_orestes,114.45,30,85.01204,571.2830665,1.715,4
Otomys_saundersiae,114.45,30,78.36844,577.9266665,1.675,4.25
Otomys_tropicalis,114.45,30,85.01204,571.2830665,1.29,4
Otomys_uzungwensis,114.45,30,69.2172,586.9894665,2.32,4
Ovibos_moschatus,312500,62467.44,1023.02,7482.5,1.01,0.75
Ovis_aries,39097.89,17500,547.5,7592,1.19,1
Ovis_canadensis,74644.87,28000,170.7,8458.5,1.16,1
Ovis_dalli,70194.13,28000,608.34,4380,1.22,0.75
Ovis_nivicola,90000,28000,566.732,8041.268,1,1
Oxymycterus_dasytrichus,49.91,34.99,85.12926,1023.12328,4.585,2.6
Pagophilus_groenlandicus,132250,32788.565,1503.3,13815.25,1,1
Pan_paniscus,35119.95,8325,2203.69,16790,1.01,0.22
Pan_troglodytes,45000,8500,3812.69,17009,1.05,0.2
Panthera_leo,158623.93,8480,849.69,9902.45,2.75,0.66
Panthera_onca,83943.09,5033.5,925.0166667,9138.383333,1.96,0.5
Panthera_pardus,52399.99,1940,1023.47,8707.99,2.14,1
Panthera_tigris,161914.66,11003,1098.11,8382.84,2.6,1
Papio_anubis,17728.56,3640.26,1642.5,7555.5,1.01,0.8
Papio_cynocephalus,15822.15,3624.895,1557.08,14417.5,1.01,0.805
Papio_hamadryas,14007.08,3950,1555.94,14505.1,1.01,0.8
Papio_papio,18026.05,3624.895,1332.89,14772.63,1.01,0.81
Papio_ursinus,17729.44,3624.895,462.46,15085.45,1.01,0.8
Paracrocidura_graueri,15.13,10,127.789,971.711,5.53,1.8
Parascalops_breweri,51.11,34.77,289.135,1505.625,4.49,1
Pardofelis_marmorata,2826.68,1940,827,9027.5,2,1
Pecari_tajacu,21133.69,4881,302.75,11147.5,1.56,2
Pedetes_capensis,2549.25,1300,988.5566667,6265.833333,0.98,3.6
Pedetes_surdaster,120.975,1300,988,6281.208335,3.23,3.6
Perameles_bougainville,230.8,100,58,1997,2,2
Perameles_gunnii,903.46,130.945,61.7572,2104.7528,2.31,3.8
Perameles_nasuta,720.26,128.03,54.67,1922.34,2.43,2.92
Perognathus_inornatus,10.16,4,130.7733467,2890.80556,4,2
Perognathus_longimembris,8.07,4,132.1966667,2890.8,4.45,1
Peromyscus_attwateri,27.9,10.5,21.91448,1921.69368,3.53,3.7
Peromyscus_bullatus,40,10.5,12.46,1928.54,3.49,3.4
Peromyscus_californicus,42.68,18.6,15.795,1961.875,1.94,4.37
Peromyscus_crinitus,16.32,14.09,90.76083333,2695.829167,3.08,2.05
Peromyscus_difficilis,27.95,10.5,15.98068,1928.54,3.88,3
Peromyscus_gossypinus,27.68,9.24,28.77,420.3583333,3.7,4
Peromyscus_gratus,27.35,10.5,12.46,1928.54,3,3.4
Peromyscus_keeni,28.25,8.95,37.38294,2981.708727,5.99,2
Peromyscus_leucopus,18.07,9.095,84.96,2777.05,4.27,4.5
Peromyscus_maniculatus,19.98,8.95,64.23,2954.825,4.76,2.6
Peromyscus_melanotis,39.59,8.95,37.38294,2981.708727,3.69,7.5
Peromyscus_nasutus,28,10.5,15.98068,1928.54,5,3
Peromyscus_pectoralis,38.99,10.5,12.46,1928.54,3.88,1
Peromyscus_polionotus,14.27,6.72,5.8725,1977.3875,3.59,2
Peromyscus_sejugis,21.5,8.95,37.38294,2981.708727,4.615,3.55
Peromyscus_slevini,23.9,8.95,26.20448,494.51184,3.185,3
Peromyscus_stephani,20.5,8.95,37.38294,2981.708727,4.615,3.55
Peromyscus_truei,27,10.5,3.611666667,1935.108333,3.49,3
Petauroides_volans,1257.17,436.93,501.59,4745,1,1
Petaurus_australis,567.15,285,581.93,5110,1.24,1
Petaurus_biacensis,90.98,33,157.69,6218.985,1.45,1.3
Petaurus_breviceps,120.76,33,284.37,6093.98,1.82,1.3
Petaurus_gracilis,360.63,65,334.6,4948.441665,1.75,1.28
Petrogale_assimilis,4618.88,734.99,301.06,4149.75,1,1.49
Petrogale_concinna,1398.2,272.47,317.6,5696.25,1,1
Petrogale_herberti,3499.99,734.995,275.385,1181.5,1,1.48
Petrogale_lateralis,4567.88,734.995,258.5,4716,1,1.48
Petrogale_penicillata,6931.6,734.995,275.385,4699.115,1,1.825
Petrogale_purpureicollis,6465.8,734.995,275.385,4699.115,1,1.48
Petrogale_xanthopus,8499.99,2040.565,199.25,4714.7,1.02,1.5
Phascogale_tapoatafa,192.65,44,215.71,1791.261667,6.79,1
Phascolarctos_cinereus,6528.74,1155,382.47,7336.5,1.01,1
Phenacomys_intermedius,25.2,15.28,18.07,1411,4.66,3
Phenacomys_ungava,27,12.64,20.16083333,1421.979167,4.8,2.65
Philander_andersoni,324.99,62.5,167.52,595.98,3.82,3
Philander_frenatus,45.5,78.955,136.895,1392.376667,4.675,2.5
Philander_mcilhennyi,365.5,62.5,167.52,595.98,3.82,3
Philander_opossum,425.81,78.955,163.56,1362.67,4.75,3
Phoca_largha,98879.18,23945,1249.66,11683.95417,1,1
Phoca_vitulina,87316.66,23945,1064.26,16279,1,1
Phodopus_campbelli,27.06,14.3,98,608.3333333,8.47,3.5
Phodopus_roborovskii,12.02,18.1,224.1708333,1508.666667,6.28,3.5
Phodopus_sungorus,30.43,14.3,119,1284.5,5.48,3
Physeter_catodon,14540959.82,1340000,2748.456667,24961.13333,0.99,0.25
Pipistrellus_paterculus,3.34,1.5,8.77,2060.541667,1.92,3
Pipistrellus_pipistrellus,5.3,3.89,414,5639.5,1.37,1
Pipistrellus_pygmaeus,5.86,3.89,414,5639.5,1.2,1
Pipistrellus_sturdeei,5,3.89,414,5639.5,1.2,1
Pipistrellus_subflavus,5.74,4.89,197.555,5246.235,1.96,1
Planigale_gilesi,9.34,4.93,151.465,1590.015,5.23,2
Planigale_maculata,12,3.525,219.28,1827,7.64,2
Planigale_tenuirostris,6.27,2.515,145.27,1658,5.99,2
Plecotus_auritus,8.19,5.7,687.91,10220,1.22,1
Plecotus_austriacus,6.75,5.7,309.62,10598.335,1.275,1
Plecotus_kolombatovici,3.34,1.5,8.77,10598.335,1.92,3
Plecotus_teneriffae,8.19,5.7,309.62,10598.335,1.275,1
Podomys_floridanus,30.74,12.5,15.36,2666.723333,2.6,3.71
Poecilogale_albinucha,308.16,50,362.3525,1459.0875,2.23,1.5
Pongo_abelii,39696.12,11000,1848.01,18963.19,1.14,0.22
Pongo_pygmaeus,53408.29,11000,2502.8,18308.4,1.07,0.22
Potorous_gilbertii,1569.46,160.73,215.295,5113.666665,1,2
Potorous_longipes,1835.06,699.015,644.28,4782.261665,1,1.72
Potorous_tridactylus,1054.67,160.73,231.88,4893.29,1,2
Praomys_delectorum,35.99,10.5,49.2,1823.8,3.88,4
Praomys_jacksoni,39.01,10.5,42.0875,1823.8,3.67,4
Praomys_lukolelae,42.2,10.5,56.91532,1816.12716,3.5,4
Praomys_minor,95.195,10.5,49.2,1823.8,2.175,4
Praomys_misonnei,37.1,10.5,49.2,1823.8,3.5,4
Praomys_rostratus,38.86,10.5,56.91532,1816.12716,3.49,4
Praomys_tullbergi,37.1,10.5,90.33,1783.17,3.36,4
Praomys_verschureni,36.97,10.5,56.91532,1816.12716,3.5,4
Prionailurus_bengalensis,2780.97,620,538.4666667,5641.683333,2.5,1.64
Prionailurus_iriomotensis,4150,620,518.9338,5126.541665,2.5,1.64
Procavia_capensis,2952.48,500,2099.01,3212,2.5,1
Procyon_lotor,6373.72,1175,240.993312,7319.846688,3.06,1
Psammomys_obesus,102.15,40,272.38,871.44,3.49,3.44
Psammomys_vexillaris,177.33,40,72.91196,1068,3.5,3.44
Pseudocheirus_peregrinus,895.22,333.19,167.86,3321.5,1.89,1.5
Pseudochirulus_cinereus,977.48,280,484.1875,4835.8125,2,1
Pseudochirulus_herbertensis,1098.34,117.5,327.57,1735.26,1.89,1.05
Pseudomys_albocinereus,30.5,16.34,46.46166667,893.5766665,3.89,1
Pseudomys_australis,52.97,12.5,83.29583333,2774.304167,3,1
Pseudomys_calabyi,177.33,40,72.91196,1068,3.5,3.44
Pseudomys_oralis,95,12.5,119,2738.5,2.5,1
Pudu_puda,9642.62,2863.2,119.5375,7490.7125,1.22,1
Puma_concolor,53954.05,3500,575.08,8063.46,2.76,0.75
Pusa_caspica,62326.2,23945,2158.68,16060,1,0.5
Pusa_hispida,70963.6,14000,2203.474167,14541.29583,1,0.8
Pusa_sibirica,89499.99,66900,1694.406667,18679.48333,1,1
Rangifer_tarandus,109088.5,24900,591.482624,7228.647376,2,0.91
Rattus_andamanensis,197.97,39.69,76.55752,1430.355,10,4.28
Rattus_argentiventer,165.37,39.69,63.91252,1443,9.85,4.29
Rattus_blangorum,56.385,39.69,76.55752,1430.355,2.15,4.28
Rattus_burrus,142.68,39.69,76.55752,1430.355,5.88,4.28
Rattus_exulans,50.63,22.125,145.55,237.075,3.7,3.9
Rattus_fuscipes,124.58,21.28,111.49,1797.63,4.58,3.3
Rattus_lugens,107.5,39.69,76.55752,1430.355,5.95,4.28
Rattus_lutreolus,106,25,87,1494,4.45,2.4
Rattus_norvegicus,282.89,63.75,65.88,1295.75,8.99,3.5
Rattus_pococki,200,39.69,76.55752,1430.355,5.95,4.28
Rattus_rattus,142.68,39.69,115.14,1389.86,5.88,3.75
Rattus_satarae,200.89,105.19,81.92754,1430.355,3.45,4.28
Rattus_simalurensis,200,39.69,76.55752,1430.355,5.95,4.28
Rattus_stoicus,142.68,39.69,76.55752,1430.355,5.88,4.28
Rattus_tanezumi,140.84,39.69,76.55752,1430.355,5.95,4.28
Rattus_tiomanicus,119.29,39.69,76.55752,1430.355,3.87,4.28
Ratufa_macroura,1326.24,100,667.01,5419.09,3.49,1.5
Redunca_fulvorufula,29352.66,8635.5,312.08,5080.8,1,1.09
Rhabdomys_dilectus,197.97,8.43,40.17608,1588.32392,6,4
Rhabdomys_pumilio,40.73,8.43,76.62,1551.88,5.28,7
Rhinoceros_unicornis,1843655.8,885812,2279.4,15266.13,1.41,0.3
Rhinolophus_rouxii,12.25,11,675.64,1089.94,0.99,1
Rhinolophus_sinicus,21.23,11,391.69,1373.89,0.99,1
Rhinolophus_subbadius,10.255,11,391.69,1373.89,0.99,1
Rhogeessa_aeneus,9.195,5.7,309.62,10598.335,1.275,1
Rhynchocyon_chrysopygus,535.2,180,24.02083333,3976.979167,1.22,4.5
Rhynchomys_soricoides,45.865,8.43,40.17608,1588.32392,6,4
Romerolagus_diazi,465.58,96.345,163.8275,3153.33006,2.1,1
Rousettus_aegyptiacus,134,73.8,351.25,8668.75,1.07,2
Rousettus_leschenaultii,84.88,37,226.47,4873.88,1.01,2
Saccopteryx_bilineata,8.08,6.23,305.01,1825,0.99,1
Saguinus_geoffroyi,492.5,105,491.8375,6935,1.97,1.175
Saguinus_graellsi,2642.5,1000,1420.44808,15062.55192,1.05,0.6
Saguinus_martinsi,450,175,768.2728,6522.55,1.8,2.9
Saguinus_nigricollis,450,175,767.92,6522.55,1.82,2.9
Saguinus_oedipus,462.04,105,893.06,8620.09,1.9,1
Saiga_borealis,97842.2,14500,219.31314,4074.4303,1.575,1.05
Saiga_tatarica,37734.01,14500,194.85672,4101.50328,1.5,1
Saimiri_boliviensis,799.45,410.5,913.58878,9968.91122,1.02,1.07
Saimiri_sciureus,749.47,410.5,895.84,9949.75,1,1.33
Saimiri_vanzolinii,783.77,410.5,913.58878,9968.91122,1.02,1.07
Sarcophilus_harrisii,8202.25,850,487.23,4035.731665,2.88,1
Sciurus_aberti,624,354.995,286.5085,2192.408167,3.255,1.5
Sciurus_carolinensis,545.4,200,295.53,8395,2.98,2
Sciurus_flammifer,624,354.995,286.5085,2192.408167,3.255,1.5
Semnopithecus_ajax,9875,2100,1130,8315.916665,1,1.005
Semnopithecus_dussumieri,12679.29,2100,887.51376,9448.45596,1.02,0.7
Semnopithecus_entellus,12679.29,2100,933.8,9249.1,1.02,0.67
Semnopithecus_hector,12679.29,2100,887.51376,9448.45596,1.02,0.7
Semnopithecus_hypoleucos,10026.65,2100,887.51376,9448.45596,1.02,0.7
Semnopithecus_priam,12679.29,2100,887.51376,9448.45596,1.02,0.7
Semnopithecus_schistaceus,12679.29,2100,887.51376,9448.45596,1.02,0.7
Setonix_brachyurus,3027.67,499.995,102.38,4626.38,1,1.4
Sigmodon_alleni,174.09,19.8,30.095,1852.905,5.44,2
Sigmodon_arizonae,198,19.8,25,1858,5.44,2
Sigmodon_hirsutus,146,19.8,25,1858,3.63,2
Sigmodon_hispidus,110.65,19.8,49.71,1833,5.44,2
Sigmodon_mascotensis,120,19.8,25,1858,5.44,2
Sigmodon_ochrognathus,122,21.68,56,1856.60704,3,2
Sigmodon_peruanus,159.6,19.8,25,1858,5.44,2
Sigmodon_planifrons,172.3,19.8,25.5,1857.5,5.44,2
Sigmodon_toltecus,159.6,19.8,30.095,1852.905,5.44,2
Sigmodontomys_alfari,159.6,19.8,25,1858,5.44,2
Sminthopsis_crassicaudata,15.98,6.5,74,1681,6.52,2
Sminthopsis_dolichura,14.39,3.87,199.12,867.93,7.2,1.1
Sminthopsis_fuliginosus,17.5,3.04,295.28,948.72,8,2
Sminthopsis_leucopus,23.36,8.88,275.54,552.45,8.4,1
Sminthopsis_macroura,23.56,7,62.4,1659.141667,7,2
Sminthopsis_murina,17,3.04,111.445,547.925,8,2
Sminthopsis_ooldea,12.19,3.09,254.58,770.62,7.24,1.1
Sminthopsis_virginiae,35.24,19,140.51,1713.625,4.11,2.22
Sorex_antinorii,13.07,8.5,300.96956,441.256,5.58,2.5
Sorex_araneus,9.18,8.5,304.3325,842.2375,6.56,2
Sorex_asper,8.195,8.5,300.96956,842.03044,6.56,1.9
Sorex_camtschatica,10.4,3.5,219.4739,670.1991,4.99,1.9
Sorex_cansulus,5.1,3.5,219.4739,670.1991,6.5,1.9
Sorex_cinereus,4.2,3.5,133.82584,545.99916,6.49,2.18
Sorex_coronatus,9.32,8.5,293.56418,848.56522,4.94,2.75
Sorex_excelsus,7,8.5,300.96956,842.03044,6.56,1.9
Sorex_gaspensis,8.2,8.5,300.96956,842.03044,6.56,1.9
Sorex_gracillimus,4.4,4.73,303.11944,402.34744,4.58,1.5
Sorex_haydeni,3,3.5,218.10428,670.1991,7,1.5
Sorex_jacksoni,6.01,3.5,219.4739,670.1991,6.5,1.9
Sorex_leucogaster,7.09,3.5,292.91256,596.08744,6.355,1.5
Sorex_lyelli,4.36,3.5,292.91256,596.08744,6.355,1.5
Sorex_minutus,4.32,4.73,265.45,441.05,6.04,1.5
Sorex_monticolus,6.92,5.495,344.12,182.5,5.74,3
Sorex_neomexicanus,4.07,5.495,369.9908,369.1206665,5.71,2
Sorex_oreopolus,5.99,5.495,369.9908,369.1206665,5.71,2
Sorex_orizabae,7,5.495,395.7924,343.0566665,5.545,2
Sorex_pacificus,10.56,5.495,395.7924,343.0566665,4.19,2
Sorex_planiceps,5.785,5.495,395.7924,343.0566665,5.545,2
Sorex_portenkoi,4.2,4.73,303.11944,402.34744,5.905,1.5
Sorex_roboratus,12.99,8.5,300.96956,842.03044,7.52,1.9
Sorex_samniticus,8.24,8.5,300.96956,842.03044,6.56,1.9
Sorex_satunini,5.2,3.5,219.4739,670.1991,6.5,1.9
Sorex_saussurei,8.195,8.5,300.96956,842.03044,6.295,1.9
Sorex_sinalis,6.3,8.5,300.96956,2094,6.82,3
Sorex_sonomae,8.2,8.5,300.96956,842.03044,6.56,1.9
Sorex_stizodon,6.35,5.495,395.7924,343.0566665,4.745,2
Sorex_thibetanus,7,4.73,303.11944,402.34744,5.905,1.5
Sorex_ugyunak,4.2,4.73,303.11944,402.34744,5.905,1.5
Sorex_vagrans,5.99,5.495,395.7924,343.0566665,5.84,1.5
Sorex_ventralis,5.1,3.5,219.4739,670.1991,6.5,1.9
Sorex_volnuchini,7.5,4.73,303.11944,402.34744,5.905,1.5
Spermophilus_armatus,306.48,116.12,324.4075,1479.1625,5.4,1
Spermophilus_beecheyi,597.82,77.59,300.2333333,1472.166667,6.71,1
Spermophilus_beldingi,272.53,60,329.55,3660.95,5.71,1
Spermophilus_brevicauda,200,200,279.42866,1759.416667,4.82,1
Spermophilus_columbianus,470.94,103.595,504.0558333,966.9599935,3.54,1
Spermophilus_elegans,324.45,86.375,308.98468,1848.50032,5.75,1
Spermophilus_lateralis,175.1,79.78,594.935,1918.075,5.18,1
Spermophilus_madrensis,207.12,79.78,598,3159,4.34,0.97
Spermophilus_mollis,165.4,42.155,324.21,909.2263335,7.97,1
Spermophilus_musicus,217,200,279.42866,2277.5,6.78,1
Spermophilus_richardsonii,325.1,98.875,335.67,1825,7.59,1
Spermophilus_saturatus,275,85.36,321.5041667,1095,4.16,1
Spermophilus_spilosoma,106.64,45,317.36,967.0606665,6.94,2
Spermophilus_tereticaudus,147.57,75,290.3541667,2923.5,6.32,1
Spermophilus_townsendii,207.29,42.155,323.0208333,889.6399135,8.49,1
Spermophilus_tridecemlineatus,174.91,16,325.9358333,2529.52932,8.08,1
Spermophilus_variegatus,714.58,100,368.22,3162.173333,4.93,1.25
Spermophilus_washingtoni,215.09,32.995,334.5833333,1335.059667,7.88,1
Spermophilus_xanthoprymnus,228.5,76.27,278.70194,2131.29806,4.99,1.25
Sphiggurus_pruinosus,8009.73,1000,884.30596,7607.215,1,1
Spilogale_angustifrons,1396.16,160,252.165,4247.5,3.49,1.425
Spilogale_gracilis,612,160,252.165,4805.64,7.5,1.425
Spilogale_putorius,566.49,160,172.445,3604.375,5.07,1.5
Stenella_clymene,77818.345,39999.995,1355.01072,8919.53628,0.99,0.42
Stenella_coeruleoalba,142102.96,10369.94,2422.6875,18108.5625,1.75,0.31
Stenella_longirostris,50500,39999.995,1418.736667,8646.78022,0.97,0.33
Suncus_aequatorius,4.2,4.73,303.11944,402.34744,5.905,1.5
Suncus_etruscus,2.26,2.075,208.276,939.724,4,3.4
Suncus_fellowesgordoni,8,2.075,208.22612,954.9383335,2.99,3.4
Suncus_hosei,2.33,2.075,208.22612,954.9383335,3.955,3.4
Suncus_madagascariensis,2.47,2.075,208.22612,954.9383335,3.955,3.4
Suncus_malayanus,4.99,2.075,208.22612,954.9383335,3.955,3.4
Suncus_montanus,2.33,2.075,208.22612,954.9383335,3.955,3.4
Suncus_murinus,43.76,29.61,27.712672,1121.127328,3.1,9.8
Suncus_zeylanicus,45.87,29.61,16.92,1147.208333,3.05,9.8
Suricata_suricatta,729.99,225.5,309.32,7154,3.86,1
Sus_scrofa,84471.54,6469.99,214.12,9543,4.52,1.5
Sylvicapra_grimmia,15639.15,4955.54,547.5,5012.67,0.98,2
Sylvilagus_cognatus,2078.555,929.16,197.41084,3020.83872,2.755,3.14
Sylvilagus_floridanus,1207.19,118.5,100.793408,3453.426592,4.62,4.81
Sylvilagus_mansuetus,1207.19,118.5,99,3454,5,3.9
Sylvilagus_robustus,707.67,118.5,136.58818,3454,3.495,3.875
Sylvilagus_transitionalis,813.51,118.5,104.579728,3273.970272,4.41,2.5
Sylvisorex_camerunensis,45.87,29.61,16.92,1147.208333,3.05,9.8
Syncerus_caffer,592665.98,166000,1140.63,9417,1.08,1
Tachyglossus_aculeatus,4499.97,510.415,2629.47,15450.45,1,0.5
Tadarida_brasiliensis,12.61,11.52,282.39,5138.37,1.11,1
Talpa_caucasica,90.015,47.845,290.89188,2228.84062,3.99,1.075
Talpa_europaea,87.53,47.845,332.51,2190,3.89,1
Talpa_levantis,90.015,47.845,290.89188,2228.84062,3.99,1.075
Talpa_occidentalis,49.47,47.845,300.2125,2219.52,3.99,1.075
Talpa_romana,92.5,47.845,290.89188,2228.84062,3.99,1.075
Talpa_stankovici,71.12,47.845,290.89188,2228.84062,3.99,1.075
Tamias_amoenus,50.63,19,323.01,1520.833333,4.99,1
Tamias_ochrogenys,91.69,34.99,303.37564,3387.91684,3.5,1
Tamias_senex,89.35,34.99,303.37564,3387.91684,4.37,1
Tamias_siskiyou,75,34.99,303.37564,3387.91684,5,1
Tamias_striatus,95.7,45.025,116.572944,3315.316,4.22,1.53
Tamias_townsendii,79.12,34.99,311.915616,3040.824384,3.75,1
Tamiasciurus_hudsonicus,200.24,83.8,274.889632,4037.890368,3.93,1.75
Taphozous_achates,25.99,20,91.32,7147.8,1,1
Taphozous_australis,25.99,20,91.32,7147.8,1,1
Taphozous_georgianus,30.52,15.3,329.54,1460,1,1
Taphozous_melanopogon,25.99,20,683.33,7147.8,0.99,1
Taphozous_troughtoni,39.15,15.3,236.27,1546.73,1,1
Tapirus_bairdii,293781.59,171864.36,347.54,10093.53,1,0.71
Tapirus_terrestris,169496.64,86260,422.0933333,13754.41667,1,0.8
Tarsipes_rostratus,9.66,3.005,92.76,547.5,2.93,3
Taterillus_pygargus,60.19,11,70.33,2914.17076,4.47,5
Taurotragus_derbianus,646024.25,96495.55,731.125,6302.333333,1,1.14
Taurotragus_oryx,562592.69,96495.55,829.44,8568.38,1,1.14
Taxidea_taxus,7842.15,3000,181.5725,9266.4375,2.76,0.74
Tenrec_ecaudatus,887.59,225,170.794944,2982.835056,16.89,1
Theropithecus_gelada,15964.11,3900,1010.67,11634.38,1.01,0.5
Thomomys_bulbivorus,359.9,85.995,253.20784,1895.9794,4.99,1
Thomomys_clusius,266.415,68.8,257.37284,1405.0528,2.17,3.5
Thryonomys_swinderianus,3750.85,433.7,431.08,1514.75,3.88,2
Thylacinus_cynocephalus,16.35,3.04,111.445,547.925,8,2
Thylamys_cinderella,510,78.955,136.895,1392.376667,4.675,2.5
Thylogale_billardierii,5865.86,1378.225,151.87,3208.96,1,1
Thylogale_brunii,4796,2024.4,23.92,5167.58,1,1
Thylogale_thetis,5399.95,800,381.395,2693.905,1,1.56
Trachypithecus_barbei,12679.29,2100,887.51376,9448.45596,1.02,0.7
Trachypithecus_vetulus,7205.08,1100,1214.22,8066.5,1.01,0.37
Trichechus_inunguis,418001.19,67500,578.82,13505,1,0.5
Trichosurus_arnhemensis,1540.74,572.635,178.135,5438.25,1.01,1.8
Trichosurus_caninus,3115.06,757.06,761.8,5201.25,1.02,1
Trichosurus_johnstonii,2005,707.635,170.16,2243.041667,1.01,1.5
Trichosurus_vulpecula,2685.39,707.635,355.91,5256,1.02,1.5
Tupaia_belangeri,200,100,86.45994,4409.818335,2,7.5
Tupaia_chrysogaster,202.25,100,107.22442,1221.165513,1.425,2.035
Tupaia_glis,132.43,100,169.48,4328.333333,2.22,2.5
Tupaia_longipes,168.05,100,70.57994,4425.698335,1.5,2.5
Tupaia_moellendorffi,159,100,70.57994,4425.698335,2.22,2.5
Tylomys_nudicaudus,181.65,40,69.5225,1881.270833,2.47,5.53
Tylomys_tumbalensis,280,40,69.5834,1881.209933,2.4,5.765
Typhlomys_cinereus,2774.625,1300,988,6281.208335,1,3.6
Uncia_uncia,32500,7500,814.4258333,6822.154167,2.12,1
Urocyon_cinereoargenteus,3833.71,519.685,255.585,5593.625,3.71,0.98
Ursus_americanus,110500,14050,1629.63,10612.38,2.39,0.38
Ursus_arctos,196287.5,26000,1277.5,16790,2.24,0.36
Ursus_maritimus,371703.81,17750,1619.83,14600,1.66,0.36
Vandeleuria_nilagirica,634.71,285.24,143.38306,2090.958333,1.76,1
Varecia_rubra,3872.6,2893,540.90994,12554.15667,2.2,1
Varecia_variegata,3849.99,2893,610.07,12804.2,2.16,1
Viverra_civettina,12061.27,1514,245,9855,2.31,2.2
Vombatus_ursinus,26000,5700,343.85,10216.55,1,0.5
Vulpes_pallida,2800.01,1517,258.26712,7655.980225,4,1
Vulpes_vulpes,4820.36,1397,246.353168,7477.436832,4.59,0.91
Zalophus_californianus,137194.86,25000,1749.323333,10962.16667,1.41,1
Zalophus_japonicus,158597.43,25000,1328.625,11386.875,1.1,0.89
Zalophus_wollebaeki,158597.43,25000,1328.625,11386.875,1.1,0.89
Zapus_hudsonius,18.43,7.8,35.83,1983.17,5.36,2
Zygodontomys_brevicauda,52.22,21.995,25.3,108.8244135,4.23,5.5
Zygodontomys_brunneus,75.59,21.995,26.70428,108.8244135,4.275,5.5
Zyzomys_argurus,40.42,14,119.75994,1362.731667,2.76,1.42